{"cameraMode":{"drawMode":0,"name":"Shaded","section":"Shading Mode"},"sceneLighting":true,"audioPlay":false,"sceneViewState":{"m_AlwaysRefresh":false,"showFog":true,"showSkybox":true,"showFlares":true,"showImageEffects":true,"showParticleSystems":true,"showVisualEffectGraphs":true,"m_FxEnabled":true},"in2DMode":false,"pivot":{"x":-2.487623929977417,"y":-0.02140788361430168,"z":2.9791417121887209},"rotation":{"x":0.7096473574638367,"y":0.0008454549824818969,"z":-0.0008515642839483917,"w":0.7045562267303467},"size":60.50465774536133,"orthographic":true}