{"cameraMode":{"drawMode":0,"name":"Shaded","section":"Shading Mode"},"sceneLighting":true,"audioPlay":false,"sceneViewState":{"m_AlwaysRefresh":false,"showFog":true,"showSkybox":true,"showFlares":true,"showImageEffects":true,"showParticleSystems":true,"showVisualEffectGraphs":true,"m_FxEnabled":true},"in2DMode":false,"pivot":{"x":1.9399070739746094,"y":7.44193172454834,"z":86.09967803955078},"rotation":{"x":-0.02339925430715084,"y":-0.02909313514828682,"z":0.0006750215543434024,"w":-0.9993665218353272},"size":50.074649810791019,"orthographic":false}