{"cameraMode":{"drawMode":0,"name":"Shaded","section":"Shading Mode"},"sceneLighting":false,"audioPlay":false,"sceneViewState":{"m_AlwaysRefresh":false,"showFog":true,"showSkybox":false,"showFlares":true,"showImageEffects":true,"showParticleSystems":true,"showVisualEffectGraphs":true,"m_FxEnabled":true},"in2DMode":false,"pivot":{"x":6.736922740936279,"y":3.3044726848602297,"z":10.941012382507325},"rotation":{"x":0.22098515927791596,"y":-0.16641254723072053,"z":0.03829847276210785,"w":0.9602307081222534},"size":3.585935354232788,"orthographic":false}