{"cameraMode":{"drawMode":0,"name":"Shaded","section":"Shading Mode"},"sceneLighting":true,"audioPlay":false,"sceneViewState":{"m_AlwaysRefresh":false,"showFog":true,"showSkybox":true,"showFlares":true,"showImageEffects":true,"showParticleSystems":true,"showVisualEffectGraphs":true,"m_FxEnabled":true},"in2DMode":false,"pivot":{"x":-1.682007074356079,"y":-6.50172233581543,"z":28.346511840820314},"rotation":{"x":-0.27310436964035036,"y":0.0023294680286198856,"z":-0.0006084555643610656,"w":-0.9620558619499207},"size":19.34995460510254,"orthographic":false}