{"cameraMode":{"drawMode":0,"name":"Shaded","section":"Shading Mode"},"sceneLighting":true,"audioPlay":false,"sceneViewState":{"m_AlwaysRefresh":false,"showFog":true,"showSkybox":true,"showFlares":true,"showImageEffects":true,"showParticleSystems":true,"showVisualEffectGraphs":true,"m_FxEnabled":true},"in2DMode":false,"pivot":{"x":6.562065601348877,"y":-3.7496936321258547,"z":-2.715423583984375},"rotation":{"x":-0.059264134615659717,"y":-0.6842048764228821,"z":-0.055963627994060519,"w":0.7247792482376099},"size":0.8660253882408142,"orthographic":false}